<?xml version="1.0" encoding="UTF-8"?>
<beans xmlns="http://www.springframework.org/schema/beans"
	xmlns:xsi="http://www.w3.org/2001/XMLSchema-instance" xmlns:aop="http://www.springframework.org/schema/aop"
	xmlns:context="http://www.springframework.org/schema/context" xmlns:tx="http://www.springframework.org/schema/tx"
	xmlns:mybatis="http://mybatis.org/schema/mybatis-spring"
	xsi:schemaLocation="
	http://www.springframework.org/schema/beans
	http://www.springframework.org/schema/beans/spring-beans.xsd
	http://www.springframework.org/schema/aop
	http://www.springframework.org/schema/aop/spring-aop-2.0.xsd
	http://www.springframework.org/schema/tx
    http://www.springframework.org/schema/tx/spring-tx.xsd
    http://mybatis.org/schema/mybatis-spring
  	http://mybatis.org/schema/mybatis-spring.xsd
	http://www.springframework.org/schema/context
	http://www.springframework.org/schema/context/spring-context.xsd">

	<context:component-scan base-package="com.netease.course" />
	<tx:annotation-driven transaction-manager="txManager" />

	<mybatis:scan base-package="com.netease.course" />
	<bean id="sqlSessionFactory" class="org.mybatis.spring.SqlSessionFactoryBean">
		<property name="dataSource" ref="dataSource" />
	</bean>

	<tx:advice id="txAdvice" transaction-manager="txManager">
		<tx:attributes>
			<tx:method name="transfer*" />
		</tx:attributes>
	</tx:advice>

	<aop:config>
		<aop:pointcut id="daoOperation"
			expression="execution(* com.netease.course.AccountDao.*(..))" />
		<aop:advisor advice-ref="txAdvice" pointcut-ref="daoOperation" />
	</aop:config>

	<bean id="txManager"
		class="org.springframework.jdbc.datasource.DataSourceTransactionManager">
		<property name="dataSource" ref="dataSource" />
	</bean>

	<bean id="dataSource" class="org.apache.commons.dbcp.BasicDataSource"
		destroy-method="close">
		<property name="driverClassName" value="${jdbc.driverClassName}" />
		<property name="url" value="${jdbc.url}" />
		<property name="username" value="${jdbc.username}" />
		<property name="password" value="${jdbc.password}" />
	</bean>

	<context:property-placeholder location="db.properties" />
</beans>