<?xml version="1.0" encoding="UTF-8"?>
<!DOCTYPE log4j:configuration SYSTEM "log4j.dtd">
<log4j:configuration xmlns:log4j="http://jakarta.apache.org/log4j/" debug="false">
	
	<appender name="console" class="org.apache.log4j.ConsoleAppender">
		<layout class="org.apache.log4j.PatternLayout">
			<param name="ConversionPattern" value="%d|%t|%-5p|[%c]|%L|%m%n" />
		</layout>
	</appender>
	
	<appender name="file" class="org.apache.log4j.DailyRollingFileAppender">
		<param name="File" value="../logs/app/ydbb-app-api.log" />
		<param name="DatePattern" value="'.'yyyy-MM-dd'.log'" />
		<layout class="org.apache.log4j.PatternLayout">
			<param name="ConversionPattern" value="%d|%t|%-5p|[%c]|%L|%m%n" />
		</layout>
	</appender>
	
	<logger name="com.ydbb" additivity="false">
		<level value ="DEBUG"/>
 		<appender-ref ref="console" />
		<appender-ref ref="file" />
	</logger>
	
	<root>
		<level value="INFO" />
		<appender-ref ref="console" />
		<appender-ref ref="file" />
	</root>
</log4j:configuration>