<?xml version="1.0" encoding="UTF-8"?>
<beans xmlns="http://www.springframework.org/schema/beans"
	xmlns:context="http://www.springframework.org/schema/context"
	xmlns:mvc="http://www.springframework.org/schema/mvc" 
	xmlns:aop="http://www.springframework.org/schema/aop" 
	xmlns:xsi="http://www.w3.org/2001/XMLSchema-instance"
	xsi:schemaLocation="http://www.springframework.org/schema/beans 
		http://www.springframework.org/schema/beans/spring-beans-4.2.xsd 
		http://www.springframework.org/schema/context 
		http://www.springframework.org/schema/context/spring-context-4.2.xsd 
		http://www.springframework.org/schema/mvc 
		http://www.springframework.org/schema/mvc/spring-mvc-4.2.xsd
		http://www.springframework.org/schema/aop
		http://www.springframework.org/schema/aop/spring-aop-3.1.xsd">
	
	<!-- 加载配置文件 -->
	<context:property-placeholder location="classpath:conf/*.properties"/>

	<context:component-scan base-package="com.**" use-default-filters="false">
		<context:include-filter type="annotation" expression="org.springframework.stereotype.Controller"/>
	</context:component-scan>
	
	<mvc:annotation-driven />

 	<!-- 配置文件上传，如果没有使用文件上传可以不用配置，当然如果不配，那么配置文件中也不必引入上传组件包 -->    
    <bean id="multipartResolver"      
        class="org.springframework.web.multipart.commons.CommonsMultipartResolver">      
        <!-- 默认编码 -->    
        <property name="defaultEncoding" value="utf-8" />      
        <!-- 文件大小最大值 1000M-->    
		<property name="maxUploadSize" value="10485760000" /> 
        <!-- 内存中的最大值 -->    
        <property name="maxInMemorySize" value="40960" />      
    </bean>  
 	
<!--  	<mvc:interceptors> -->
<!-- 	</mvc:interceptors> -->
	
	<!-- 启用AspectJ自动代理 -->
	<aop:aspectj-autoproxy />
</beans>